School incident,BB/pellet gun,State Senate District,State,Defensive use,Latitude,Accidental shooting,Gang involvement,Domestic violence,Injury involvement,Kidnapping,ATF/LE confiscation,Stolen gun involvement,"Idiocy, not aggression",State House District,Suicide or suicide attempt,Gun found during commission of other crime,Address,No shooting,Child involvement,Drive-by,Home invasion,No injuries,Notes,Number Killed,Incident Date,Longitude,Car-jacking,Possession of gun by felon or prohibited person,ID,Self-inflicted,Congressional District,Armed robbery,Officer involvement,Location Description,Death involvement,"Brandishing, open carry, or lost and found",Perpetrator under influence,Number Injured,Lockdown alert,Mistaken ID,Pistol-whipping,City or County,Drug involvement
False,False,,New York,False,N/A,False,False,False,True,False,False,False,False,,False,False,230 Virginia Street,False,False,False,False,False,"near Whitney, clerk shot during ar",0,"January 14, 2016",N/A,False,False,0,False,,True,False,"United Grocery; 230 Virginia Street; Buffalo, New York",False,False,False,1,False,False,False,Buffalo,False
False,False,26,North Carolina,False,36.3592,False,False,False,True,False,False,False,False,91,False,False,600 block of Lindsey Street,False,False,False,False,False,,0,"January 14, 2016",-79.671,False,False,1,False,6,False,False,"600 block of Lindsey Street; Reidsville, North Carolina",False,False,False,1,False,False,False,Reidsville,False
False,False,38,North Carolina,False,35.2403,False,False,False,True,False,False,False,False,101,False,False,900 block of State Street,False,False,False,False,False,,1,"January 14, 2016",-80.8728,False,False,2,False,12,False,False,"900 block of State Street; Charlotte, North Carolina",True,False,False,1,False,False,False,Charlotte,False
False,False,9,Florida,False,30.3754,False,False,False,False,False,False,False,False,13,False,False,West 48th and Main Streets,False,False,False,False,False,,1,"January 14, 2016",-81.6512,False,False,3,False,5,False,False,"West 48th and Main Streets; Jacksonville, Florida",True,False,False,0,False,False,False,Jacksonville,False
False,False,19,North Carolina,False,35.0287,False,False,False,True,False,False,False,False,44,False,False,Ireland Drive,False,False,False,False,False,Female victim shot/wounded by son,0,"January 14, 2016",-78.9446,False,False,4,False,2,False,False,"Ireland Drive; Fayetteville, North Carolina",False,False,False,1,False,False,False,Fayetteville,False
False,False,3,Arizona,False,32.1201,False,False,False,True,False,False,False,False,3,False,False,7200 block of South Theodore Place,False,False,False,True,False,,0,"January 14, 2016",-110.971,False,False,5,False,3,False,False,"7200 block of South Theodore Place; Tucson, Arizona",False,False,False,1,False,False,False,Tucson,False
False,False,4,Nevada,False,36.2068,False,False,False,False,False,False,False,False,6,False,False,2600 Block of St. George Street,True,False,False,False,False,Suicidal man surrenders to police after 5 hours.,0,"January 14, 2016",-115.12,False,False,6,False,4,False,True,"2600 Block of St. George Street; North Las Vegas, Nevada",False,False,False,0,False,False,False,North Las Vegas,False
False,False,7,Texas,False,29.8377,False,False,False,False,False,False,False,False,138,False,False,N/A,False,False,False,False,False,1 killed,1,"January 14, 2016",-95.6684,False,False,7,False,7,False,False,"; Harris (county), Texas",True,False,False,0,False,False,False,Harris (county),False
False,False,,Illinois,False,N/A,False,False,False,True,False,False,False,False,,False,True,4800 block of South Laflin Street,False,False,True,False,False,"Back of the Yards - man wounded, left groin area, as he got out of SUV, by drive up shooter; stable",0,"January 14, 2016",N/A,False,False,8,False,,False,False,"4800 block of South Laflin Street; Chicago Heights, Illinois",False,False,False,1,False,False,False,Chicago Heights,False
False,False,,Maryland,False,N/A,False,False,False,True,False,False,False,False,,False,False,7400 block of Park Heights Avenue,False,False,True,False,False,,0,"January 14, 2016",N/A,False,False,9,False,,False,False,"7400 block of Park Heights Avenue; Baltimore, Maryland",False,False,False,1,False,False,False,Baltimore,False
False,False,30,Illinois,False,42.3703,False,False,False,False,False,False,False,False,60,False,True,2811 Grand Avenue,False,False,False,False,True,Armed robber fires gun into cooler during robbery;,0,"January 14, 2016",-87.8705,False,False,10,False,10,True,False,"Big Daddy’s Liquors; 2811 Grand Avenue; Waukegan, Illinois",False,False,False,0,False,False,False,Waukegan,False
False,False,20,Texas,False,27.702,False,False,False,False,False,False,False,False,34,False,False,4300 Block of Killarmet Drive,False,False,False,False,True,,0,"January 14, 2016",-97.4047,False,False,11,False,27,False,False,"4300 Block of Killarmet Drive; Corpus Christi, Texas",False,False,False,0,False,False,False,Corpus Christi,False
False,False,2,Tennessee,False,35.8352,False,False,False,True,False,False,False,False,12,False,False,180 Collier Drive,False,False,False,False,False,"near Texas Roadhouse, shots fired in officer-involved shooting near restaurant [no details]",0,"January 13, 2016",-83.5509,False,False,12,False,1,False,True,"Texas RoadHouse; 180 Collier Drive; Sevierville, Tennessee",False,False,False,1,False,False,False,Sevierville,False
False,False,4,Wisconsin,False,43.1116,False,False,False,False,False,False,False,False,12,False,False,7700 block of West Kathryn Avenue,False,False,False,False,False,"perp in minivan, vic found in street",1,"January 13, 2016",-88.0077,False,False,13,False,4,False,False,"7700 block of West Kathryn Avenue; Milwaukee, Wisconsin",True,False,False,0,False,False,False,Milwaukee,False
False,False,10,Ohio,False,39.9118,False,False,False,True,False,False,False,False,79,False,False,300 block of West Southern Avenue,False,False,False,False,False,"Man shot, leg, while outside; suspect sought; stable",0,"January 13, 2016",-83.8175,False,False,14,False,8,False,False,"300 block of West Southern Avenue; Springfield, Ohio",False,False,False,1,False,False,False,Springfield,False
False,False,9,Virginia,False,37.5724,False,False,False,False,False,False,False,False,71,False,False,2700 block of Byron Street,False,False,False,False,False,man found shot inside vehicle died,1,"January 13, 2016",-77.394,False,False,15,False,3,False,False,"Glenwood Farms apartment complex; 2700 block of Byron Street; Henrico (county), Virginia",True,False,False,0,False,False,False,Henrico (county),False
False,False,4,Ohio,False,39.4068,False,False,False,False,False,False,False,False,51,False,False,400 block of Millville Avenue,False,False,False,False,False,"Man shot, killed, unclear;",0,"January 13, 2016",-84.5824,False,False,16,False,8,False,False,"400 block of Millville Avenue; Hamilton, Ohio",True,False,False,0,False,False,False,Hamilton,False
False,False,4,Ohio,False,39.316,False,False,False,True,False,False,False,False,52,False,False,9300 block of North Pisgah Drive,False,False,False,False,False,Man wounded; suspect sought; unclear;,0,"January 13, 2016",-84.3679,False,False,17,False,8,False,False,"9300 block of North Pisgah Drive; West Chester, Ohio",False,False,False,1,False,False,False,West Chester,False
False,False,,Hawaii,False,N/A,False,False,False,False,False,False,True,False,,False,False,N/A,True,False,False,False,False,"gun stolen from officer car, local school on lockdown",0,"January 13, 2016",N/A,False,False,18,False,,False,True,"; Kalihi, Hawaii",False,False,False,0,True,False,False,Kalihi,False
True,False,23,New Hampshire,False,43.0218,True,False,False,True,False,False,False,False,N/A,False,False,233 Exeter Road,False,False,False,False,False,civilian student accidentally shot self in leg during firearms training,0,"January 13, 2016",-71.0358,False,False,19,True,1,False,False,"Sig Sauer Academy; 233 Exeter Road; Epping, New Hampshire",False,False,False,1,False,False,False,Epping,False
False,False,13,Texas,False,29.7325,False,False,False,True,False,False,False,False,147,False,False,3100 Block of Anita,False,False,False,False,False,1 inj.,0,"January 13, 2016",-95.3577,False,False,20,False,18,False,True,"3100 Block of Anita; Houston, Texas",False,False,False,1,False,False,False,Houston,False
False,False,6,Texas,False,29.6908,False,False,False,False,False,False,False,False,144,False,False,100 Block of West Southmore,False,False,False,False,True,Perp in armed robbery shoots at police and misses and is arrested,0,"January 13, 2016",-95.2113,False,False,21,False,29,False,True,"100 Block of West Southmore; Pasadena, Texas",False,False,False,0,False,False,False,Pasadena,False
True,False,41,Indiana,False,39.5625,False,False,False,False,False,False,False,False,58,False,False,900 Sawmill Rd,True,True,False,False,False,4th grader brings unloaded gun to school; arrested;,0,"January 13, 2016",-86.1018,False,False,22,False,9,False,True,"Break-O-Day Elementary School; 900 Sawmill Rd; Whiteland (New Whiteland), Indiana",False,True,False,0,False,False,False,Whiteland (New Whiteland),False
False,False,5,Louisiana,False,29.9556,False,False,False,True,False,False,False,False,98,False,False,1700 block of Eagle Street,False,False,False,False,False,2 inj.,0,"January 13, 2016",-90.1318,False,False,23,False,2,False,False,"1700 block of Eagle Street; New Orleans, Louisiana",False,False,False,2,False,False,False,New Orleans,False
False,False,5,Illinois,False,41.8774,False,False,False,True,False,False,False,False,10,False,False,300 block of South California,False,False,False,False,False,"East Garfield Park - man shot, buttocks, serious;",0,"January 13, 2016",-87.6962,False,False,24,False,7,False,False,"300 block of South California; Chicago, Illinois",False,False,False,1,False,False,False,Chicago,False
False,False,5,Illinois,False,41.8805,False,False,False,False,False,False,False,False,10,False,False,0 block of South Kenton,False,False,False,False,False,"Austin - man shot, head, killed; unclear",1,"January 13, 2016",-87.7406,False,False,25,False,7,False,False,"0 block of South Kenton; Chicago, Illinois",True,False,False,0,False,False,False,Chicago,False
False,False,,Pennsylvania,False,N/A,False,False,False,False,False,False,False,False,,False,False,2100 block of James Drive,False,False,False,False,True,A Pittsburgh firefighter has been placed on paid administrative leave after firing shots at his neighbor's house while holding his 18 month old son.,0,"January 13, 2016",N/A,False,False,26,False,,False,False,"2100 block of James Drive; Reserve Township, Pennsylvania",False,False,False,0,False,False,False,Reserve Township,False
False,False,17,Illinois,False,41.7443,False,False,False,True,False,False,False,False,33,False,True,9700 block of South Skyway,False,False,True,False,False,"Skyway bridge - car-to-car drive-by kills man, wounds woman, on a bridge; stable;",1,"January 13, 2016",-87.578,False,False,27,False,1,False,False,"9700 block of South Skyway; Chicago, Illinois",True,False,False,1,False,False,False,Chicago,False
True,False,24,South Carolina,False,33.5311,False,False,False,False,False,False,False,False,83,False,True,2000 Knobcone Avenue,True,False,False,False,False,"student with guns in truck on campus, left in vehicle after duck hunting, no charges, poss expulsion",0,"January 13, 2016",-81.9682,False,False,28,False,2,False,False,"North Augusta High School; 2000 Knobcone Avenue; North Augusta, South Carolina",False,False,False,0,False,False,False,North Augusta,False
False,False,41,Georgia,False,33.8115,False,False,False,True,False,False,False,False,87,False,False,4719 Central Drive,False,False,False,False,False,"Dekalb Co, found in diff areas of complex, 2 local schools on lockdown",1,"January 13, 2016",-84.1965,False,False,29,False,4,False,False,"Highland Forest Apartment; 4719 Central Drive; Stone Mountain, Georgia",True,False,False,2,True,False,False,Stone Mountain,False
False,False,42,Georgia,False,33.7507,False,False,False,True,False,False,False,False,85,False,False,3490 Memorial Drive,False,False,False,False,False,,0,"January 13, 2016",-84.2735,False,False,30,False,5,False,False,"Zaxby's; 3490 Memorial Drive; Decatur, Georgia",False,False,False,1,False,False,False,Decatur,False
False,False,43,Georgia,False,33.6802,False,False,False,True,False,False,False,False,90,False,False,N/A,False,False,False,False,False,"Dekalb Co, man shot in leg, Indian Creek Elementary and Clarkston High on lockdown, unrelated to stabbing SWAT",0,"January 13, 2016",-84.1531,False,False,31,False,4,False,False,"; Lithonia, Georgia",False,False,False,1,True,False,False,Lithonia,False
False,False,42,Georgia,False,33.7408,False,False,False,False,False,False,False,False,84,False,False,2800 block of Eastwood Drive,False,False,False,False,True,"Dekalb Co, near Welika",0,"January 13, 2016",-84.2756,False,False,32,False,5,False,False,"2800 block of Eastwood Drive; Decatur, Georgia",False,False,False,0,False,False,False,Decatur,False
False,False,2,Georgia,False,32.0588,False,False,False,False,False,False,False,False,163,False,False,Comet and Corvair Avenue,False,False,False,False,True,"shots fired into home, no inj",0,"January 13, 2016",-81.1368,False,False,33,False,1,False,False,"Comet and Corvair Avenue; Savannah, Georgia",False,False,False,0,False,False,False,Savannah,False
False,False,,California,False,N/A,False,True,False,True,False,False,False,False,,False,False,Herndon Road and Nadine Avenue,False,False,False,False,False,,0,"January 13, 2016",N/A,False,False,34,False,,False,False,"Summary Market; Herndon Road and Nadine Avenue; Ceres, California",False,False,False,1,False,False,False,Ceres,False
True,False,2,California,False,40.8742,True,False,False,True,False,False,False,False,2,False,False,Harpst and Rossow Streets,False,False,False,False,False,,0,"January 13, 2016",-124.08,False,False,35,True,2,False,True,"Harpst and Rossow Streets; Humboldt (county), California",False,False,False,1,False,False,False,Humboldt (county),False
False,False,28,California,False,33.9715,False,False,False,False,False,False,False,False,56,False,False,10592 Sunset Avenue,True,False,False,False,False,,0,"January 13, 2016",-116.498,False,False,36,False,36,False,True,"10592 Sunset Avenue; Desert Hot Springs, California",False,False,False,0,False,False,False,Desert Hot Springs,False
False,False,41,Maryland,False,39.3262,False,False,False,False,False,True,False,False,41,False,True,2800 block of Silverhill Avenue,True,False,False,False,False,,0,"January 13, 2016",-76.7101,False,False,37,False,7,False,False,"2800 block of Silverhill Avenue; Baltimore, Maryland",False,False,False,0,False,False,False,Baltimore,True
False,False,41,Maryland,False,39.3358,False,False,False,False,False,True,False,False,41,False,True,3900 block of Hillsdale Avenue,True,False,False,False,False,,0,"January 13, 2016",-76.692,False,False,38,False,7,False,False,"3900 block of Hillsdale Avenue; Baltimore, Maryland",False,False,False,0,False,False,False,Baltimore,True
False,False,41,Maryland,False,39.3468,False,False,False,False,False,False,False,False,41,False,True,5200 block of Cordelia Avenue,True,False,False,False,False,,0,"January 13, 2016",-76.6828,False,False,39,False,7,False,False,"5200 block of Cordelia Avenue; Baltimore, Maryland",False,False,False,0,False,False,False,Baltimore,False
False,False,2,Delaware,False,39.7445,False,False,False,False,False,False,False,False,2,False,False,1200 block of N. Locust St,False,False,False,False,False,,1,"January 13, 2016",-75.5373,False,False,40,False,1,False,False,"1200 block of N. Locust St; Wilmington, Delaware",True,False,False,0,False,False,False,Wilmington,False
False,False,62,New York,False,43.1669,False,False,False,False,False,False,False,False,144,False,False,Washburn Street and Ashley Place,False,False,False,False,True,"shots hit home, no inj",0,"January 13, 2016",-78.6859,False,False,41,False,27,False,False,"Washburn Street and Ashley Place; Lockport, New York",False,False,False,0,False,False,False,Lockport,False
False,False,19,New York,False,40.6647,False,False,False,True,False,False,False,False,60,False,False,Livonia and Pennsylvania Avenue,False,False,False,False,False,"Brownsville, shot in head, arm, weapon recovered",1,"January 13, 2016",-73.894,False,False,42,False,8,False,False,"Livonia and Pennsylvania Avenue; Brooklyn, New York",True,False,False,1,False,False,False,Brooklyn,False
False,False,2,Michigan,False,42.4012,False,False,False,False,False,False,False,False,5,False,False,11410 Charest,True,False,False,False,False,Lockdown lifted.  It has not been announced that a gunman has been found.,0,"January 13, 2016",-83.0574,False,False,43,False,14,False,False,"Hamtramck Public Schools; 11410 Charest; Hamtramck, Michigan",False,False,False,0,True,False,False,Hamtramck,False
False,False,6,New York,False,40.7047,False,False,False,False,False,False,False,False,18,False,False,Albemarle Avenue and Nostrand Place,False,False,False,False,True,"pw during ar, shots fired, no inj from gunshot",0,"January 13, 2016",-73.6143,False,False,44,False,4,True,False,"Albemarle Avenue and Nostrand Place; Hempstead, New York",False,False,False,1,False,False,True,Hempstead,False
False,False,30,North Carolina,False,36.4527,False,False,False,False,False,False,False,False,90,False,False,Haystack Road,False,False,False,False,False,,1,"January 13, 2016",-80.8232,False,False,45,False,6,False,False,"Haystack Road; Surry (county), North Carolina",True,False,False,0,False,False,False,Surry (county),False
False,False,4,Florida,False,30.2208,False,False,False,True,False,False,False,False,16,False,False,8200 block of West Princeton Square Boulevard,False,False,False,False,False,,0,"January 13, 2016",-81.5643,False,False,46,False,4,False,False,"8200 block of West Princeton Square Boulevard; Jacksonville, Florida",False,False,False,1,False,False,False,Jacksonville,False
False,False,10,New Jersey,False,40.0936,False,False,False,False,False,False,False,False,10,False,True,Garden State Parkway,True,False,False,False,False,,0,"January 13, 2016",-74.1445,False,False,47,False,3,False,False,"Garden State Parkway; Brick (Wall Township), New Jersey",False,False,True,0,False,False,False,Brick (Wall Township),True
False,False,27,Florida,False,26.7255,False,False,False,True,False,False,False,False,88,False,False,13th Street and North Sapodilla,False,False,False,False,False,,0,"January 13, 2016",-80.0583,False,False,48,False,20,False,False,"13th Street and North Sapodilla; West Palm Beach, Florida",False,False,False,1,False,False,False,West Palm Beach,False
False,False,13,North Carolina,False,34.5994,False,False,False,False,False,False,False,False,46,False,False,800 Old Whiteville Road,False,False,False,False,False,,1,"January 13, 2016",-78.9511,False,False,49,False,8,False,False,"800 Old Whiteville Road; Lumberton, North Carolina",True,False,False,0,False,False,False,Lumberton,False
False,False,27,Michigan,False,43.0657,False,False,False,True,False,False,False,False,34,False,False,5800 Block of Dupont Street,False,False,False,False,False,1 inj.,0,"January 13, 2016",-83.7141,False,False,50,False,5,False,False,"5800 Block of Dupont Street; Flint, Michigan",False,False,False,1,False,False,False,Flint,False
False,False,43,Illinois,False,41.5577,False,False,False,False,False,False,False,False,85,False,False,200 block of Barry Avenue,False,False,False,False,False,"Man shot, chest, killed, in drug deal gone bad. Victim's home the site of 2014 murder;",1,"January 13, 2016",-88.0675,False,False,51,False,3,False,False,"200 block of Barry Avenue; Lockport, Illinois",True,False,False,0,False,False,False,Lockport,True
False,False,3,Louisiana,False,29.9985,False,False,False,False,False,False,False,False,97,False,False,Franklin Avenue,False,False,False,False,True,,0,"January 13, 2016",-90.05,False,False,52,False,2,False,True,"Franklin Avenue; New Orleans, Louisiana",False,False,False,0,False,False,False,New Orleans,False
False,False,48,Illinois,False,39.8891,False,False,False,False,False,False,False,False,96,False,True,1400 block of East Wellington Way,False,False,False,False,False,"Man shot, chest, killed, in robbery attempt;",1,"January 13, 2016",-88.9379,False,False,53,False,13,True,False,"1400 block of East Wellington Way; Decatur, Illinois",True,False,False,0,False,False,False,Decatur,False
False,False,39,Louisiana,False,32.4542,False,False,False,False,False,False,False,False,3,False,False,3100 Block of Wagner Street,False,False,False,True,True,,0,"January 13, 2016",-93.7872,False,False,54,False,4,False,False,"3100 Block of Wagner Street; Shreveport, Louisiana",False,False,False,0,False,False,False,Shreveport,False
False,False,30,Texas,False,33.9009,False,False,False,False,False,False,False,False,69,False,False,800 Block of Forth Worth,True,False,False,False,False,,0,"January 13, 2016",-98.4767,False,False,55,False,13,False,False,"800 Block of Forth Worth; Wichita Falls, Texas",False,True,False,0,False,False,False,Wichita Falls,False
False,False,19,South Carolina,False,34.085,True,False,False,True,False,False,False,False,76,False,False,7800 block of Pinelake Road,False,False,False,False,False,,0,"January 13, 2016",-80.9562,False,False,56,True,6,False,False,"7800 block of Pinelake Road; Richland (county), South Carolina",False,False,False,1,False,False,False,Richland (county),False
False,False,3,Texas,False,31.3764,False,False,False,True,False,False,False,False,57,False,False,US 287,False,False,False,False,False,1 inj.,0,"January 13, 2016",-95.4757,False,False,57,False,8,False,False,"US 287; Houston (county), Texas",False,False,False,1,False,False,False,Houston (county),False
False,False,17,Texas,False,29.6936,False,False,False,False,False,False,False,False,149,False,False,15100 Paso Real,False,False,False,False,False,1 killed,1,"January 13, 2016",-95.6532,False,False,58,False,9,False,False,"15100 Paso Real; Harris (county), Texas",True,False,False,0,False,False,False,Harris (county),False
False,False,28,New Jersey,False,40.7266,False,False,False,False,False,False,False,False,28,False,False,800 block of South 14th Street,False,False,False,False,False,,1,"January 13, 2016",-74.2096,False,False,59,False,10,False,False,"800 block of South 14th Street; Newark, New Jersey",True,False,False,0,False,False,False,Newark,False
False,False,3,Illinois,False,41.7834,False,False,False,True,False,False,False,False,6,False,True,6100 block of South Stewart Avenue,False,False,True,False,False,"Man wounded, buttocks, neck, in drive-up shooting;",0,"January 13, 2016",-87.6354,False,False,60,False,7,False,False,"6100 block of South Stewart Avenue; Chicago (Englewood), Illinois",False,False,False,1,False,False,False,Chicago (Englewood),False
False,False,16,Illinois,False,41.7504,False,True,False,True,False,False,False,False,31,False,True,7900 block of South Laflin,False,False,False,False,False,"Auburn Gresham - man killed, woman seriously wounded; both shot, head; possible gang connection;",1,"January 13, 2016",-87.661,False,True,61,False,1,False,False,"7900 block of South Laflin; Chicago, Illinois",True,False,False,1,False,False,False,Chicago,False
True,False,27,Arkansas,False,33.659,True,False,False,True,False,False,False,True,7,False,False,401 Ouachita 88,False,False,False,False,False,17yo AD'd and shot 18yo friend in back after finding gun in 18yo's car. Non life-threatening inj.,0,"January 13, 2016",-92.7974,False,False,62,False,4,False,False,"Harmony Grove High School; 401 Ouachita 88; Ouachita (county), Arkansas",False,False,False,1,False,False,False,Ouachita (county),False
False,False,16,Mississippi,False,33.5071,False,False,False,True,False,False,False,False,41,False,False,22nd Street North,False,False,False,False,False,,0,"January 13, 2016",-88.4099,False,False,63,False,1,False,False,"22nd Street North; Columbus, Mississippi",False,False,False,1,False,False,False,Columbus,False
False,False,20,Michigan,False,42.1215,True,False,False,True,False,False,False,True,63,False,False,700 block of N. Grand Street,False,False,False,False,False,Man shot himself in truck in parking lot; non life-threatening inj. May be charged for carrying w/o permit.,0,"January 13, 2016",-85.6373,False,False,64,True,6,False,False,"700 block of N. Grand Street; Schoolcraft, Michigan",False,False,False,1,False,False,False,Schoolcraft,False
False,False,30,California,False,33.9757,False,False,False,True,False,False,False,False,62,False,False,7100 block of 10th Avenue,False,False,True,False,False,,0,"January 13, 2016",-118.328,False,False,65,False,37,False,False,"Hyde Park; 7100 block of 10th Avenue; Los Angeles, California",False,False,False,3,False,False,False,Los Angeles,False
False,False,14,California,False,35.3909,False,False,False,False,False,False,False,False,32,False,False,1029 Knotts Street,False,False,False,False,False,,1,"January 13, 2016",-118.982,False,False,66,False,21,False,False,"1029 Knotts Street; Bakersfield, California",True,False,False,0,False,False,False,Bakersfield,False
False,False,N/A,Pennsylvania,False,40.1526,False,False,False,True,False,False,False,False,N/A,False,False,Geoffrey Road and Margo Lane,False,False,False,False,False,,0,"January 13, 2016",-75.1336,False,False,67,False,13,False,False,"Geoffrey Road and Margo Lane; Willow Grove, Pennsylvania",False,False,False,1,False,False,False,Willow Grove,False
False,False,5,California,False,37.9394,False,False,False,True,False,False,False,False,13,False,False,Stanislaus and Hemlock Streets,False,False,False,False,False,,0,"January 13, 2016",-121.278,False,False,68,False,9,False,True,"Stanislaus and Hemlock Streets; Stockton, California",False,False,False,1,False,False,False,Stockton,False
False,False,13,California,False,37.3923,False,False,False,False,True,False,False,False,24,False,False,600 block of Mariposa Avenue,True,False,False,False,False,,0,"January 13, 2016",-122.091,False,False,69,False,18,False,False,"600 block of Mariposa Avenue; Mountain View, California",False,True,False,0,False,False,False,Mountain View,False
False,False,6,California,False,38.6062,False,False,False,True,False,False,False,False,7,False,False,800 block of Arden Way,False,False,False,False,False,,0,"January 13, 2016",-121.448,False,False,70,False,6,False,False,"Chando's Tacos; 800 block of Arden Way; Sacramento, California",False,False,False,1,False,False,False,Sacramento,False
False,False,6,Texas,False,29.7691,False,False,False,True,False,False,False,False,143,False,False,1200 Federal,False,False,False,False,False,"1 inj., armed robbery",0,"January 13, 2016",-95.2134,False,False,71,False,29,True,False,"Sonic; 1200 Federal; Houston, Texas",False,False,False,1,False,False,False,Houston,False
False,False,3,Indiana,False,41.5329,False,False,False,False,False,False,False,False,14,False,False,4700 block of Delaware Street,False,False,False,False,False,"Woman found in street, late afternoon, shot, face, killed; unclear;",1,"January 13, 2016",-87.3317,False,False,72,False,1,False,False,"4700 block of Delaware Street; Gary, Indiana",True,False,False,0,False,False,False,Gary,False
False,False,N/A,Kentucky,False,38.2582,False,False,False,False,False,False,False,False,N/A,False,False,20th and Market Streets,False,False,False,False,False,,1,"January 13, 2016",-85.7832,False,False,73,False,3,False,False,"20th and Market Streets; Louisville, Kentucky",True,False,False,0,False,False,False,Louisville,False
False,False,19,Alabama,True,33.4934,False,False,False,False,False,False,False,False,55,False,False,3600 Richard M Scrushy Pkwy,False,False,False,False,True,"Armed employee and robber exchange fire, no injuries",0,"January 13, 2016",-86.9133,False,False,74,False,7,True,False,"Burger King; 3600 Richard M Scrushy Pkwy; Fairfield, Alabama",False,False,False,0,False,False,False,Fairfield,False
False,False,19,Alabama,False,33.4899,False,False,False,False,False,False,False,False,57,False,False,27 Park Road,False,False,False,False,False,"Armed robbery, customer killed...one of three armed robberies believe connected",1,"January 13, 2016",-86.9568,False,False,75,False,6,True,False,"Jack's restaurant; 27 Park Road; Pleasant Grove, Alabama",True,False,False,0,False,False,False,Pleasant Grove,False
True,False,14,Indiana,False,41.0404,False,False,False,False,False,False,False,False,80,False,True,4625 Werling Drive,True,False,False,False,False,Note discrepancy in date  Oct 9 or 1/13,0,"January 13, 2016",-85.1059,False,False,76,False,3,False,False,"East Allen Alternative School; 4625 Werling Drive; Fort Wayne, Indiana",False,False,False,0,False,False,False,Fort Wayne,False
False,False,47,Indiana,False,38.4086,False,False,False,True,False,False,False,False,70,False,False,14705 Huff Street,False,False,False,True,False,,0,"January 13, 2016",-86.112,False,False,77,False,9,False,False,"14705 Huff Street; Palmyra, Indiana",False,False,False,2,False,False,False,Palmyra,False
False,False,17,Illinois,True,41.7224,False,False,False,True,False,False,False,False,33,False,True,2051 East  95th Street,False,False,False,False,False,Beverly - 2 men serious after being shot in robbery;,0,"January 13, 2016",-87.5733,False,False,78,False,2,True,False,"T-Mobile; 2051 East  95th Street; Chicago, Illinois",False,False,False,1,False,False,False,Chicago,False
False,False,11,Washington,False,47.5785,False,False,False,True,False,False,False,False,11,False,False,13700 block of 12th Avenue Southwest,False,False,False,False,False,Shooting occurred at same apartment complex where a man was shot/killed the previous Friday.,0,"January 13, 2016",-122.317,False,False,79,False,9,False,False,"13700 block of 12th Avenue Southwest; Seattle (Burien), Washington",False,False,False,2,False,False,False,Seattle (Burien),False
False,False,7,Nebraska,False,41.2382,False,False,False,True,False,False,False,False,N/A,False,False,16th and Martha Street,False,False,False,False,False,,0,"January 12, 2016",-95.9374,False,False,80,False,2,False,False,"16th and Martha Street; Omaha, Nebraska",False,False,False,1,False,False,False,Omaha,False
False,False,16,Wisconsin,False,43.1129,False,False,False,False,False,False,False,False,48,False,False,1200 block of MacArthur Road,False,False,False,False,True,"dispute between 2 people, stray bullet missed man sleeping on couch through wall",0,"January 12, 2016",-89.3194,False,False,81,False,2,False,False,"1200 block of MacArthur Road; Madison, Wisconsin",False,False,False,0,False,False,False,Madison,False
False,False,49,Washington,False,45.6395,False,False,False,False,False,False,False,False,49,False,False,4300 E. Fourth Plain Blvd.,False,False,True,False,True,Bar patron angry at being kicked out fired gun in air.,0,"January 12, 2016",-122.624,False,False,82,False,3,False,False,"QuarterDeck Tavern; 4300 E. Fourth Plain Blvd.; Vancouver, Washington",False,False,False,0,False,False,False,Vancouver,False
False,False,3,Oregon,False,42.3439,False,False,False,False,False,False,False,False,6,False,True,1500 block of Grand Avenue,False,False,False,False,True,Drug deal turned armed robbery leading to police standoff. Nearby Wilson Elementary School put on lockdown.,0,"January 12, 2016",-122.865,False,False,83,False,2,False,True,"1500 block of Grand Avenue; Medford, Oregon",False,True,True,0,True,False,False,Medford,True
False,False,30,Tennessee,False,35.1734,False,False,False,True,False,False,False,False,98,False,False,1500 block of Lake Grove Street,False,False,False,False,False,"North Memphis near Chelsea Avenue, person shot",0,"January 12, 2016",-89.961,False,False,84,False,9,False,False,"1500 block of Lake Grove Street; Memphis, Tennessee",False,False,False,1,False,False,False,Memphis,False
False,False,17,Virginia,False,38.0088,False,False,False,False,False,False,False,False,56,False,False,N/A,False,False,False,False,False,shot man’s body found on lake edge,1,"January 12, 2016",-78.0384,False,False,85,False,7,False,False,"Lake Anna; ; Louisa (county), Virginia",True,False,False,0,False,False,False,Louisa (county),False
False,False,4,Georgia,False,32.4556,False,False,False,False,False,False,False,False,158,False,False,North College Street,False,False,True,False,True,"fired shots at home, no inj",0,"January 12, 2016",-81.7851,False,False,86,False,12,False,False,"North College Street; Statesboro, Georgia",False,False,False,0,False,False,False,Statesboro,False
False,False,19,Texas,False,30.3379,False,False,False,True,False,False,False,False,74,False,False,N/A,False,False,False,False,False,"1 inj. after argument, possible hate crime",0,"January 12, 2016",-103.506,False,False,87,False,23,False,False,"; Brewster (county), Texas",False,False,False,1,False,False,False,Brewster (county),False
False,False,9,Missouri,False,39.0262,False,False,False,True,False,False,False,False,27,False,False,5400 block of Bennington Avenue,False,False,False,False,False,,0,"January 12, 2016",-94.5099,False,False,88,False,5,False,False,"5400 block of Bennington Avenue; Kansas City, Missouri",False,False,False,1,False,False,False,Kansas City,False
False,False,15,Wisconsin,False,42.5035,False,False,False,False,False,False,False,False,45,False,False,700 block of 8th Street,False,False,False,False,True,shots fired during ar,0,"January 12, 2016",-89.0467,False,False,89,False,2,False,False,"700 block of 8th Street; Beloit, Wisconsin",False,False,False,0,False,False,False,Beloit,False
False,False,18,Virginia,False,36.7378,False,False,False,True,False,False,False,False,77,True,False,600 block of North Main Street,False,False,False,False,False,robbery suspect shot himself in motel room as officers approached,0,"January 12, 2016",-76.5825,False,True,90,False,4,False,True,"Super 8 motel; 600 block of North Main Street; Suffolk, Virginia",False,False,False,1,False,False,False,Suffolk,False
False,False,N/A,Montana,False,48.2072,False,False,False,True,False,False,False,False,N/A,False,False,N/A,False,False,False,False,False,,0,"January 12, 2016",-114.305,False,False,91,False,1,False,True,"; Kalispell, Montana",False,True,False,1,False,False,False,Kalispell,False
False,False,21,Ohio,False,41.465,False,False,False,False,False,False,False,False,10,False,False,Corning Avenue and West 19th Place,False,False,False,False,False,"Man found shot, head, killed, behind wheel of wrecked SUV;",1,"January 12, 2016",-81.6977,False,False,92,False,11,False,False,"Corning Avenue and West 19th Place; Cleveland, Ohio",True,False,False,0,False,False,False,Cleveland,False
False,False,N/A,Pennsylvania,False,40.7501,False,False,False,False,False,False,False,False,N/A,False,False,N/A,False,False,False,False,True,,0,"January 12, 2016",-76.3384,False,False,93,False,17,False,False,"; Gordon, Pennsylvania",False,False,False,0,False,False,False,Gordon,False
False,False,29,Washington,False,47.1738,False,False,False,False,False,False,True,False,29,False,True,South Alaska and South 92nd street,True,False,False,False,False,The pistol was reported stolen in Kitsap County in August.,0,"January 12, 2016",-122.458,False,True,94,False,6,False,True,"South Alaska and South 92nd street; Tacoma, Washington",False,True,False,0,False,False,False,Tacoma,False
False,False,5,Virginia,False,36.8918,False,False,False,True,False,False,False,False,89,False,False,6200 block of Alexander Street,False,False,False,False,False,one person shot,0,"January 12, 2016",-76.236,False,False,95,False,3,False,False,"6200 block of Alexander Street; Norfolk, Virginia",False,False,False,1,False,False,False,Norfolk,False
False,False,N/A,Pennsylvania,False,40.4636,False,False,False,False,False,False,False,False,N/A,False,False,North Euclid Avenue,True,False,False,False,False,Carjackers realized car was stickshift and fled on foot.,0,"January 12, 2016",-79.9271,True,False,96,False,14,False,False,"North Euclid Avenue; Pittsburgh, Pennsylvania",False,False,False,0,False,False,False,Pittsburgh,False
False,False,9,Ohio,False,39.1912,False,False,False,False,False,False,False,False,32,False,True,Colerain Avenue and North Bend Road,True,False,False,False,False,"Car stolen at gunpoint; car recovered wrecked, several hours later;",0,"January 12, 2016",-84.5706,True,False,97,False,1,False,False,"Colerain Avenue and North Bend Road; Cincinnati, Ohio",False,False,False,0,False,False,False,Cincinnati,False
False,False,30,Tennessee,False,35.2536,False,False,False,False,False,False,False,False,98,False,False,3100 block of Laura Springs,False,False,False,False,False,man killed found in front of home near driveway,1,"January 12, 2016",-89.9331,False,False,98,False,9,False,False,"3100 block of Laura Springs; Memphis, Tennessee",True,False,False,0,False,False,False,Memphis,False
False,False,N/A,Alaska,False,61.1916,False,False,False,False,False,False,False,False,16,False,False,600 block of West 32nd Avenue,False,False,False,False,False,"near Arctic Blvd, intox perp armed with knife, ofc fired multiple times",1,"January 12, 2016",-149.894,False,False,99,False,1,False,True,"600 block of West 32nd Avenue; Anchorage, Alaska",True,False,True,0,False,False,False,Anchorage,False
False,False,9,Ohio,False,39.1149,False,False,False,True,False,False,False,False,32,False,True,Linn and Poplar,False,False,False,False,False,"Man trying to sell marijuana to 2 others shoots them, himself; 1 victim critical;",0,"January 12, 2016",-84.5273,False,False,100,False,1,False,False,"Linn and Poplar; Cincinnati, Ohio",False,False,False,3,False,False,False,Cincinnati,True
False,False,9,Ohio,False,39.1135,True,False,False,False,False,False,False,True,32,False,False,1200 block of Blanchard Avenue,False,False,False,False,False,"14yo boy ditched school, hid in basement; father thought child was intruder, shot and killed son.",1,"January 12, 2016",-84.566,False,False,101,False,1,False,False,"1200 block of Blanchard Avenue; Cincinnati, Ohio",True,False,False,0,False,True,False,Cincinnati,False
False,False,N/A,Pennsylvania,False,40.4667,False,False,False,True,False,False,False,False,N/A,False,False,Grotto and Gladefield,False,False,False,False,False,,0,"January 12, 2016",-79.8963,False,False,102,False,14,True,False,"Grotto and Gladefield; Pittsburgh, Pennsylvania",False,False,False,1,False,False,False,Pittsburgh,False
False,False,50,Indiana,False,37.9564,False,False,False,False,False,False,False,False,77,False,False,Marshall Ave.,False,False,False,False,True,,0,"January 12, 2016",-87.5399,False,False,103,False,8,False,False,"Marshall Ave.; Evansville, Indiana",False,False,False,0,False,False,False,Evansville,False
False,False,49,Indiana,False,37.973,False,False,False,False,False,False,False,False,77,False,False,Sycamore Street,False,False,False,False,True,,0,"January 12, 2016",-87.5707,False,False,104,False,8,False,False,"Sycamore Street; Evansville, Indiana",False,False,False,0,False,False,False,Evansville,False
False,False,50,Indiana,False,37.9664,False,False,False,False,False,False,False,False,77,False,False,S Harlan Ave.,False,False,False,False,True,,0,"January 12, 2016",-87.542,False,False,105,False,8,False,False,"S Harlan Ave.; Evansville, Indiana",False,False,False,0,False,False,False,Evansville,False
False,False,N/A,Massachusetts,False,41.7429,False,False,False,False,False,False,False,False,N/A,False,False,Onset Avenue,True,False,False,False,False,"near Cranberry Hwy, loaded black 9mm handgun found, recovered by ofc",0,"January 12, 2016",-70.6521,False,False,106,False,9,False,False,"Joseph Grassia Bridge; Onset Avenue; Wareham, Massachusetts",False,True,False,0,False,False,False,Wareham,False
False,False,10,Texas,False,32.6282,False,False,False,True,False,False,False,False,97,False,False,3700 Block of Bee Tree Lane,False,False,False,False,False,"1 killed, 1 inj.",1,"January 12, 2016",-97.3737,False,False,107,False,6,False,False,"3700 Block of Bee Tree Lane; Fort Worth, Texas",True,False,False,1,False,False,False,Fort Worth,False
False,False,29,Kansas,False,37.7046,False,False,False,False,False,False,False,False,84,False,False,1200 block of N. Chautauqua,False,False,False,False,True,,0,"January 12, 2016",-97.3013,False,False,108,False,4,False,False,"1200 block of N. Chautauqua; Wichita, Kansas",False,False,False,0,False,False,False,Wichita,False
False,False,21,Tennessee,False,36.2483,False,False,False,True,False,False,False,False,51,False,False,East Palestine Road,False,False,False,False,False,man shot,0,"January 12, 2016",-86.7117,False,False,109,False,5,False,False,"Falcon View Apartments; East Palestine Road; Madison, Tennessee",False,False,False,1,False,False,False,Madison,False
False,False,14,Tennessee,False,35.791,False,False,False,False,False,False,False,False,48,False,False,N/A,False,False,False,False,True,"intoxicated man fired shots at woman at apartment complex, handgun",0,"January 12, 2016",-86.3495,False,False,110,False,4,False,False,"; Murfreesboro, Tennessee",False,False,True,0,False,False,False,Murfreesboro,False
False,False,12,Connecticut,False,41.3247,False,False,False,False,False,True,False,False,98,False,True,48 Pinebrook Circle,True,False,False,False,False,"raid, drugs, cash, loaded 9mm found, child present",0,"January 12, 2016",-72.7076,False,False,111,False,3,False,False,"48 Pinebrook Circle; Guilford, Connecticut",False,False,False,0,False,False,False,Guilford,True
False,False,N/A,Massachusetts,False,42.3147,False,False,False,False,False,True,False,False,N/A,False,True,111 Magnolia Street,True,False,False,False,False,"Dorchester, ongoing investigation, loaded Sterling 22 cal handgun",0,"January 12, 2016",-71.0719,False,False,112,False,7,False,False,"111 Magnolia Street; Boston, Massachusetts",False,False,False,0,False,False,False,Boston,False
False,False,9,Ohio,False,39.1912,False,False,False,False,False,False,False,False,32,False,False,Colerain Avenue and North Bend Road,True,False,False,False,False,Car-jacking.,0,"January 12, 2016",-84.5706,True,False,113,False,1,False,False,"Colerain Avenue and North Bend Road; Cincinnati, Ohio",False,False,False,0,False,False,False,Cincinnati,False
False,False,N/A,Pennsylvania,False,39.9995,False,False,False,False,False,False,False,False,N/A,False,False,E Ontario and H streets,False,False,True,False,True,Shots fired not far from KenCrest Early Childhood Center- Kensington,0,"January 12, 2016",-75.1126,False,False,114,False,1,False,False,"E Ontario and H streets; Philadelphia, Pennsylvania",False,False,False,0,False,False,False,Philadelphia,False
False,False,1,Arizona,False,34.0709,False,False,False,False,False,False,False,False,1,False,False,34000 block of Mud Springs Road,False,False,False,False,False,"Claims he accidentally shot and killed girlfriend; arrested on murder 2, drugs found on site",1,"January 12, 2016",-112.126,False,False,115,False,4,False,False,"34000 block of Mud Springs Road; Black Canyon City, Arizona",True,False,False,0,False,False,False,Black Canyon City,False
False,False,5,Louisiana,False,29.9851,False,False,False,True,False,False,False,False,93,False,False,2700 Block of Bruxelles Street,False,False,False,False,False,1 inj.,0,"January 12, 2016",-90.0716,False,False,116,False,2,False,False,"2700 Block of Bruxelles Street; New Orleans, Louisiana",False,False,False,1,False,False,False,New Orleans,False
False,False,33,Alabama,False,30.6973,False,False,False,False,False,False,False,False,101,False,False,335 6th Avenue,False,False,False,False,False,"Mobile Terrace, sitting at table, perp point shotgun at vic head and fired",1,"January 12, 2016",-88.222,False,False,117,False,1,False,False,"335 6th Avenue; Mobile, Alabama",True,False,False,0,False,False,False,Mobile,False
False,False,N/A,Kentucky,False,38.0553,False,False,False,False,False,False,False,False,N/A,False,False,Linden Drive,False,False,False,False,True,"near Poplar Circle, shots fired at home and car",0,"January 12, 2016",-84.7462,False,False,118,False,6,False,False,"Linden Drive; Versailles, Kentucky",False,False,False,0,False,False,False,Versailles,False
False,False,42,Georgia,False,33.7411,False,False,False,True,False,False,False,False,86,False,False,3400 block of Primrose Place,False,False,False,False,False,"Dekalb Co, found shot in car, 2 males seen fleeing scene",0,"January 12, 2016",-84.249,False,False,119,False,4,False,False,"3400 block of Primrose Place; Decatur, Georgia",False,False,False,1,False,False,False,Decatur,False
False,False,27,Tennessee,False,35.658,False,False,False,False,False,False,False,False,80,False,False,500 block of Old Hickory Boulevard,False,False,False,False,False,man found shot inside car died,1,"January 12, 2016",-88.845,False,False,120,False,8,False,False,"Villages of Old Hickory; 500 block of Old Hickory Boulevard; Jackson, Tennessee",True,False,False,0,False,False,False,Jackson,False
False,False,38,Indiana,False,39.4633,True,False,False,False,False,False,False,False,43,False,False,1 Library Square,True,False,False,False,False,negligent discharge in gun hobbyist meeting at library,0,"January 12, 2016",-87.4086,False,False,121,False,8,False,False,"Vigo County Public Library; 1 Library Square; Terre Haute, Indiana",False,False,False,0,False,False,False,Terre Haute,False
False,False,5,Illinois,False,41.8821,False,False,False,True,False,False,False,False,10,False,False,2900 block of West Warren Boulevard,False,False,False,False,False,"East Garfield Park - passenger in car wounded, arm, after hearing shots;",0,"January 12, 2016",-87.6989,False,False,122,False,7,False,False,"2900 block of West Warren Boulevard; Chicago, Illinois",False,False,False,0,False,False,False,Chicago,False
False,False,2,Georgia,False,32.0707,False,False,False,True,False,False,False,False,162,False,False,1000 block of Lynah Road,False,False,False,False,False,"result of altercation, met with ofc on 1000 block of Googe, poss reported as on Googe",0,"January 12, 2016",-81.1226,False,False,123,False,1,False,False,"1000 block of Lynah Road; Savannah, Georgia",False,False,False,1,False,False,False,Savannah,False
False,False,14,Illinois,False,41.7241,False,False,False,True,False,False,False,False,27,False,True,9400 block of South Harvard Avenue,False,False,False,False,False,Princeton Park - man shot by shooter who got out of car to fire; stable,0,"January 12, 2016",-87.6323,False,False,124,False,1,False,False,"9400 block of South Harvard Avenue; Chicago, Illinois",False,False,False,1,False,False,False,Chicago,False
False,False,16,Tennessee,False,35.5963,False,False,False,False,False,False,False,False,43,False,False,Beersheba Highway,False,False,False,False,False,man found shot dead outside home,1,"January 12, 2016",-85.7106,False,False,125,False,4,False,False,"Beersheba Highway; Mcminnville, Tennessee",True,False,False,0,False,False,False,Mcminnville,False
False,False,15,Georgia,False,32.4344,False,False,False,False,False,False,False,False,136,False,False,1000 block of Winston Road,False,False,False,False,True,"shots fired at home, no inj",0,"January 12, 2016",-84.9451,False,False,126,False,2,False,False,"1000 block of Winston Road; Columbus, Georgia",False,False,False,0,False,False,False,Columbus,False
False,False,15,Georgia,False,32.4836,False,False,False,False,False,False,False,False,135,False,False,1300 block of 22nd Street,False,False,False,False,True,"gun fired at vics, missed",0,"January 12, 2016",-84.9743,False,False,127,False,2,False,False,"1300 block of 22nd Street; Columbus, Georgia",False,False,False,0,False,False,False,Columbus,False
False,False,16,Illinois,False,41.7683,False,False,False,True,False,False,False,False,32,False,False,6900 block of South Western Avenue,False,False,False,False,False,"Marquette Park - teen shot, calf, as he stood outside; good;",0,"January 12, 2016",-87.6834,False,False,128,False,1,False,False,"6900 block of South Western Avenue; Chicago, Illinois",False,False,False,1,False,False,False,Chicago,False
False,False,44,Georgia,False,33.7158,False,False,False,True,False,False,False,False,89,False,False,1504 Bouldercrest Road,False,True,True,False,False,"Dekalb co, cars exchanging gunfire, stray bullet hit sleeping child in home",0,"January 12, 2016",-84.3297,False,False,129,False,5,False,False,"Paradise East Apartments; 1504 Bouldercrest Road; Atlanta, Georgia",False,False,False,1,False,False,False,Atlanta,False
False,False,35,Georgia,False,33.6383,False,False,False,False,False,False,False,False,62,False,False,4300 block of Hidden Valley Drive,False,False,False,False,False,"Fulton Co, found in home",1,"January 12, 2016",-84.5345,False,False,130,False,13,False,False,"4300 block of Hidden Valley Drive; Atlanta (College Park), Georgia",True,False,False,0,False,False,False,Atlanta (College Park),False
False,False,13,Illinois,False,41.7661,False,True,False,True,False,False,False,False,26,False,False,7100 block of South Merrill Avenue,False,False,False,False,False,"South Shore - documented gang member shot, chest, critical;",0,"January 12, 2016",-87.5726,False,True,131,False,2,False,False,"7100 block of South Merrill Avenue; Chicago, Illinois",False,False,False,1,False,False,False,Chicago,False
False,False,5,Illinois,False,41.8519,False,False,False,True,False,False,False,False,9,False,False,4100 block of West Cermak Road,False,False,False,False,False,"South Lawndale - man shot, side, leg, as he sat in car; critical",0,"January 12, 2016",-87.7274,False,False,132,False,7,False,False,"4100 block of West Cermak Road; Chicago, Illinois",False,False,False,1,False,False,False,Chicago,False
False,False,5,Illinois,False,41.8829,False,False,False,True,False,False,False,False,10,False,True,200 block of North Pulaski Road,False,False,False,False,False,East Garfield Park - 3 men standing on sidewalk wounded by gunman;,0,"January 12, 2016",-87.7254,False,False,133,False,7,False,False,"200 block of North Pulaski Road; Chicago, Illinois",False,False,False,3,False,False,False,Chicago,False
False,False,2,Georgia,False,32.0655,False,False,False,False,False,False,False,False,163,False,False,500 block of West Gwinnett Street,True,False,False,False,False,pw in face during ar,0,"January 12, 2016",-81.0912,False,False,134,False,1,True,False,"Frazier Homes; 500 block of West Gwinnett Street; Savannah, Georgia",False,False,False,1,False,False,True,Savannah,False
False,False,,Pennsylvania,False,N/A,False,False,False,True,False,False,False,False,,False,False,Big Buck Lane and Haven Wood Drive,False,False,False,False,False,,0,"January 12, 2016",N/A,False,False,135,False,,False,False,"Big Buck Lane and Haven Wood Drive; Price Township, Pennsylvania",False,False,False,1,False,False,False,Price Township,False
False,False,29,Georgia,False,33.0125,False,False,False,False,False,False,False,False,132,False,False,100 block of Nashua Drive,False,False,False,False,True,casings found in backyard,0,"January 12, 2016",-84.9861,False,False,136,False,3,False,False,"100 block of Nashua Drive; Lagrange, Georgia",False,False,False,0,False,False,False,Lagrange,False
False,False,5,California,False,37.6429,False,False,False,False,False,False,False,False,21,False,False,15th and 16th Streets,False,False,False,False,False,,1,"January 12, 2016",-120.992,False,False,137,False,10,False,False,"15th and 16th Streets; Modesto, California",True,False,False,0,False,False,False,Modesto,False
False,False,35,California,False,33.8288,False,False,False,False,False,False,False,False,64,False,False,21900 block of Grace Avenue,False,False,False,False,False,,1,"January 12, 2016",-118.268,False,False,138,False,44,False,False,"21900 block of Grace Avenue; Carson, California",True,False,False,0,False,False,False,Carson,False
False,True,21,California,False,34.7056,False,False,False,True,False,False,False,False,36,False,False,1100 block of Avenue H-14,False,False,False,False,False,perp armed with BB gun,0,"January 12, 2016",-118.149,False,False,139,False,23,False,True,"1100 block of Avenue H-14; Lancaster, California",False,False,False,0,False,False,False,Lancaster,False
False,False,34,California,False,33.7534,False,True,False,True,False,False,False,False,69,False,False,1400 block of West 10th Street,False,False,False,False,False,,0,"January 12, 2016",-117.887,False,False,140,False,46,False,False,"1400 block of West 10th Street; Santa Ana, California",False,False,False,1,False,False,False,Santa Ana,False
False,False,N/A,Pennsylvania,False,39.9772,False,False,False,True,False,False,False,False,N/A,False,False,1500 block of North 20th Street,False,False,False,False,False,"critical, but stable condition.",0,"January 12, 2016",-75.1682,False,False,141,False,2,False,False,"1500 block of North 20th Street; Philadelphia, Pennsylvania",False,False,False,1,False,False,False,Philadelphia,False
False,False,37,California,False,33.6475,False,False,False,False,False,False,False,False,74,True,False,300 block of West Bay Street,False,False,False,False,False,,1,"January 12, 2016",-117.912,False,False,142,False,48,False,True,"300 block of West Bay Street; Costa Mesa, California",True,False,False,0,False,False,False,Costa Mesa,False
False,False,14,California,False,36.765,False,False,False,True,False,False,False,False,31,False,False,Blackstone and McKinley Avenues,False,False,True,False,False,,0,"January 12, 2016",-119.79,False,False,143,False,16,False,False,"Carl's Jr.; Blackstone and McKinley Avenues; Fresno, California",False,False,False,1,False,False,False,Fresno,False
False,False,2,California,False,40.0984,False,False,False,False,False,False,True,False,2,False,True,900 block of Redwood Drive,True,False,False,False,False,"stolen but not retrieved, Winchester 94, Beretta 21A, CZ 527 .223",0,"January 12, 2016",-123.795,False,False,144,False,2,False,False,"900 block of Redwood Drive; Garberville, California",False,False,False,0,False,False,False,Garberville,True
False,False,7,California,False,37.9683,False,False,False,True,False,False,False,False,11,False,False,4700 block of Shannondale Drive,False,False,False,False,False,,0,"January 12, 2016",-121.767,False,False,145,False,9,False,False,"4700 block of Shannondale Drive; Antioch, California",False,False,False,1,False,False,False,Antioch,False
False,False,53,New York,False,43.0125,False,False,False,False,False,True,False,False,128,False,True,100 block of Hall Avenue,True,False,False,False,False,"seen walking through yards on Belle Ave, down street on Ballytyne Road, LOCATION ARRESTED, no shots fired, Western Field 12ga shotgun",0,"January 12, 2016",-76.1419,False,False,146,False,24,False,False,"100 block of Hall Avenue; Syracuse, New York",False,True,False,0,False,False,False,Syracuse,False
False,False,15,North Carolina,False,35.8747,False,False,False,True,False,False,False,False,34,False,False,Hensley Drive and Woodbend Drive,False,False,False,False,False,,0,"January 12, 2016",-78.6411,False,False,147,False,13,False,False,"Center Point Apartments; Hensley Drive and Woodbend Drive; Raleigh, North Carolina",False,False,False,2,False,False,False,Raleigh,False
False,False,2,Louisiana,False,30.061,False,False,False,False,False,False,False,False,57,False,False,East 22nd Street,False,False,False,False,True,,0,"January 12, 2016",-90.5388,False,False,148,False,2,False,False,"East 22nd Street; Reserve, Louisiana",False,False,False,0,False,False,False,Reserve,False
False,False,4,Louisiana,False,30.0012,False,False,False,False,False,False,False,False,97,False,False,4300 Block of Sybil Street,False,False,False,False,False,"1 killed, perp and victim both drew guns after argument; perp not charged at this point",1,"January 12, 2016",-90.0753,False,False,149,False,2,False,False,"4300 Block of Sybil Street; New Orleans, Louisiana",True,False,False,0,False,False,False,New Orleans,False
False,False,35,New Jersey,False,40.9088,False,False,False,True,False,False,False,False,35,False,False,19th Avenue and East 33rd Street,False,False,False,False,False,,0,"January 12, 2016",-74.1438,False,False,150,False,9,False,False,"19th Avenue and East 33rd Street; Paterson, New Jersey",False,False,False,1,False,False,False,Paterson,False
False,False,14,Louisiana,False,30.4635,False,False,False,False,False,False,False,False,67,False,False,1700 Block of North 23rd Street,False,False,False,False,False,1 killed,1,"January 12, 2016",-91.165,False,False,151,False,2,False,False,"1700 Block of North 23rd Street; Baton Rouge, Louisiana",True,False,False,0,False,False,False,Baton Rouge,False
False,False,41,Maryland,False,39.3377,False,False,False,True,False,False,False,False,41,False,False,5600 block of Haddon Ave.,False,False,False,False,False,,0,"January 12, 2016",-76.7042,False,False,152,False,7,False,False,"5600 block of Haddon Ave.; Baltimore, Maryland",False,False,False,1,False,False,False,Baltimore,False
True,False,17,Delaware,False,39.1641,False,False,False,False,False,False,True,False,31,False,False,211 Delaware Avenue,False,False,False,False,True,"Gun stolen from younger boys father, fired by 13yo in restroom of school.",0,"January 12, 2016",-75.5209,False,True,153,False,1,False,False,"Central Middle School; 211 Delaware Avenue; Dover, Delaware",False,False,False,0,False,False,False,Dover,False
False,False,N/A,District of Columbia,False,38.8902,False,False,False,False,False,False,False,False,N/A,False,False,4500 block of Benning Road NE,True,False,False,False,False,,0,"January 12, 2016",-76.9375,True,False,154,False,1,False,False,"4500 block of Benning Road NE; Washington, District of Columbia",False,False,False,0,False,False,False,Washington,False
False,False,19,North Carolina,False,35.0183,False,False,False,True,False,False,False,False,44,False,False,2800 block of Owen Drive,False,False,False,False,False,,0,"January 12, 2016",-78.9042,False,False,155,False,2,False,False,"2800 block of Owen Drive; Fayetteville, North Carolina",False,False,False,1,False,False,False,Fayetteville,False
False,False,24,North Carolina,False,36.0891,False,False,False,False,False,False,False,False,64,False,False,Windsor St.,False,False,False,False,True,,0,"January 12, 2016",-79.4259,False,False,156,False,4,False,False,"Windsor St.; Burlington, North Carolina",False,False,False,0,False,False,False,Burlington,False
False,False,20,Louisiana,False,29.597,False,False,False,False,False,False,True,False,52,False,True,Main Street and Lafayette Street,True,False,False,False,False,,0,"January 12, 2016",-90.7242,False,True,157,False,1,False,False,"Main Street and Lafayette Street; Houma, Louisiana",False,False,False,0,False,False,False,Houma,True
False,False,39,Louisiana,False,32.4673,False,False,False,False,True,False,False,False,3,False,False,4000 Block of Wallace Avenue,True,False,False,True,False,Kidnapping at gunpoint.  Perps also guilty of bank robbery.,0,"January 12, 2016",-93.7673,False,False,158,False,4,False,False,"4000 Block of Wallace Avenue; Shreveport, Louisiana",False,False,False,0,False,False,False,Shreveport,False
False,False,30,Missouri,False,37.2323,False,False,False,False,False,False,False,False,131,False,False,1900 block of N. Robberson Avenue,False,False,False,False,True,,0,"January 12, 2016",-93.2901,False,False,159,False,7,False,False,"1900 block of N. Robberson Avenue; Springfield, Missouri",False,False,False,0,False,False,False,Springfield,False
False,False,17,Ohio,False,38.9465,True,False,False,False,False,False,False,True,93,False,False,770 block of Spangenburg Road,False,False,False,False,False,"Scioto Twp - both men were prison guards @ Southern Ohio Correctional Facility, older male AD'd and shot friend in chest.",1,"January 12, 2016",-82.7695,False,False,160,False,6,False,False,"770 block of Spangenburg Road; Jackson (county), Ohio",True,False,False,0,False,False,False,Jackson (county),False
False,False,28,Maryland,False,38.6204,False,False,False,False,False,False,False,False,28,False,False,11500 block of Terrace Drive,False,False,False,False,False,,1,"January 12, 2016",-76.9106,False,False,161,False,5,False,False,"11500 block of Terrace Drive; Waldorf, Maryland",True,False,False,0,False,False,False,Waldorf,False
False,False,14,California,False,36.742,False,False,False,False,False,False,False,False,31,False,True,3110 East Tulare Avenue,True,False,False,False,False,,0,"January 12, 2016",-119.779,False,True,162,False,16,False,False,"Jack In the Box; 3110 East Tulare Avenue; Fresno, California",False,False,True,0,False,False,False,Fresno,True
False,False,,Missouri,False,N/A,False,False,False,True,False,False,False,False,,False,False,1900 block of Destrehan Street,False,False,False,False,False,,0,"January 12, 2016",N/A,False,False,163,False,,False,False,"1900 block of Destrehan Street; Saint Louis, Missouri",False,False,False,1,False,False,False,Saint Louis,False
False,False,9,New Jersey,False,39.749,False,False,False,False,False,False,True,False,9,False,True,Schooner Avenue and Village Drive,True,False,False,False,False,,0,"January 12, 2016",-74.2472,False,True,164,False,3,False,False,"Schooner Avenue and Village Drive; Barnegat (Barnegat Township), New Jersey",False,False,False,0,False,False,False,Barnegat (Barnegat Township),False
False,False,16,South Carolina,False,34.7505,False,False,False,False,False,False,False,False,44,False,False,1800 block of John Everall Road,False,False,False,False,False,,1,"January 12, 2016",-80.735,False,False,165,False,5,False,False,"1800 block of John Everall Road; Lancaster, South Carolina",True,False,False,0,False,False,False,Lancaster,False
False,False,40,South Carolina,False,33.5034,False,False,False,False,False,False,True,False,95,False,False,Campus Drive,False,False,False,True,True,,0,"January 12, 2016",-80.8412,False,False,166,False,6,False,False,"Campus Drive; Orangeburg, South Carolina",False,False,False,0,False,False,False,Orangeburg,False
False,False,9,Florida,False,30.3646,False,False,False,True,False,False,False,False,12,False,False,3000 block of West Cobblewood Lane,False,False,True,False,False,,0,"January 12, 2016",-81.5008,False,False,167,False,4,False,False,"3000 block of West Cobblewood Lane; Jacksonville, Florida",False,False,False,1,False,False,False,Jacksonville,False
False,False,32,Arkansas,False,34.7589,False,False,False,False,False,False,False,False,33,False,False,820 N. Buchanan St.,True,False,False,False,False,,0,"January 12, 2016",-92.3395,True,False,168,False,2,False,False,"820 N. Buchanan St.; Little Rock, Arkansas",False,False,False,0,False,False,False,Little Rock,False
False,False,32,Arkansas,False,34.7475,False,False,False,False,False,False,False,False,33,False,False,500 S. Valentine St.,True,False,False,False,False,,0,"January 12, 2016",-92.3133,True,False,169,False,2,False,False,"500 S. Valentine St.; Little Rock, Arkansas",False,False,False,0,False,False,False,Little Rock,False
False,False,,Missouri,False,N/A,False,False,False,False,False,False,False,False,,False,False,Lyndover and Sutton,True,False,False,False,False,Number of perpetrators unspecified.,0,"January 12, 2016",N/A,True,False,170,False,,False,False,"Lyndover and Sutton; Saint Louis (Maplewood), Missouri",False,False,False,0,False,False,False,Saint Louis (Maplewood),False
False,False,12,Arkansas,False,33.8168,False,False,False,False,False,False,False,False,8,False,False,N/A,False,False,False,False,False,,1,"January 12, 2016",-92.4188,False,False,171,False,4,False,False,"; Dallas (county), Arkansas",True,False,False,0,False,False,False,Dallas (county),False
False,False,12,Florida,False,28.5933,False,False,False,False,False,False,True,False,45,False,True,North Lane and North Lake Orlando Parkway,True,False,False,False,False,,0,"January 12, 2016",-81.4378,False,True,172,False,5,False,False,"North Lane and North Lake Orlando Parkway; Orlando, Florida",False,False,True,0,False,False,False,Orlando,True
False,False,16,Florida,True,28.3568,False,False,False,True,False,False,False,False,51,False,False,6 South Cocoa Boulevard,False,False,False,False,False,,0,"January 12, 2016",-80.7319,False,False,173,False,8,True,False,"Chevron; 6 South Cocoa Boulevard; Cocoa, Florida",False,False,False,1,False,False,False,Cocoa,False
False,False,9,Michigan,False,42.4564,False,False,True,False,False,False,False,False,28,False,False,7500 Block of Chalmers,False,False,True,False,True,This story is developing.,0,"January 12, 2016",-83.029,False,False,174,False,9,False,True,"7500 Block of Chalmers; Warren, Michigan",False,False,False,0,False,False,False,Warren,False
False,False,9,Ohio,False,39.1149,True,False,False,True,False,False,False,False,32,False,False,800 block of Poplar Street,False,False,False,False,False,"Drug deal gone wrong; perp shot 2 men intentionally, and himself accidentally.",0,"January 12, 2016",-84.5273,False,False,175,False,1,False,False,"800 block of Poplar Street; Cincinnati, Ohio",False,False,False,3,False,False,False,Cincinnati,True
False,False,39,Illinois,False,41.8736,False,False,False,True,False,False,False,False,78,False,False,500 block of South Austin Boulevard,False,False,False,False,False,"Man shot, upper thigh, at gas station; good; unclear;",0,"January 12, 2016",-87.7744,False,False,176,False,7,False,False,"500 block of South Austin Boulevard; Oak Park, Illinois",False,False,False,1,False,False,False,Oak Park,False
False,False,5,Illinois,False,41.8797,False,True,False,True,False,False,False,False,10,False,False,4400 block of West Monroe,False,False,False,False,False,"West Garfield Park - documented gang member shot, abdomen. serious;",0,"January 12, 2016",-87.7355,False,True,177,False,7,False,False,"4400 block of West Monroe; Chicago, Illinois",False,False,False,1,False,False,False,Chicago,False
False,False,40,Mississippi,False,31.2525,False,False,False,False,False,False,False,False,100,False,False,Woolbright Street,False,False,False,False,True,,0,"January 12, 2016",-89.8354,False,False,178,False,4,False,False,"Woolbright Street; Columbia, Mississippi",False,False,False,0,False,False,False,Columbia,False
False,False,16,Mississippi,False,33.4861,False,False,False,True,False,False,False,False,41,False,False,800 block of 10th Ave. S.,False,False,False,True,False,,0,"January 12, 2016",-88.4235,False,False,179,False,1,False,False,"800 block of 10th Ave. S.; Columbus, Mississippi",False,False,False,1,False,False,False,Columbus,False
False,False,24,North Carolina,False,36.1045,False,False,False,False,False,False,False,False,64,False,False,Hatch St.,False,False,False,False,True,,0,"January 12, 2016",-79.437,False,False,180,False,4,False,False,"Hatch St.; Burlington, North Carolina",False,False,False,0,False,False,False,Burlington,False
False,False,,North Carolina,False,N/A,False,False,False,True,False,False,False,False,,False,False,Ferrell Ct.,False,False,False,False,False,,0,"January 12, 2016",N/A,False,False,181,False,,False,False,"Ferrell Ct.; Winston-Salem, North Carolina",False,False,False,1,False,False,False,Winston-Salem,False
False,False,17,California,False,36.5572,False,False,False,False,False,False,True,False,30,False,False,San Benancio Road,True,False,False,False,False,shotguns unknown amount; report # FG1600201,0,"January 12, 2016",-121.697,False,False,182,False,20,False,False,"San Benancio Road; Salinas, California",False,False,False,0,False,False,False,Salinas,False
False,False,7,Illinois,False,41.9894,False,False,False,True,False,False,False,False,14,False,False,5900 block of North Kenmore Avenue,False,False,False,False,False,"Man in car hears shots nearby, wounded; stable; no known gang affiliation;",0,"January 12, 2016",-87.6573,False,False,183,False,9,False,False,"5900 block of North Kenmore Avenue; Chicago, Illinois",False,False,False,0,False,False,False,Chicago,False
False,False,4,Nevada,False,36.1887,False,False,False,True,False,False,False,False,6,False,False,1600 block of North Decatur Boulevard,False,False,False,False,False,1 inj.,0,"January 12, 2016",-115.206,False,False,184,False,1,False,False,"1600 block of North Decatur Boulevard; Las Vegas, Nevada",False,False,False,1,False,False,False,Las Vegas,False
False,False,19,Texas,False,29.3814,False,False,False,True,False,False,False,False,118,False,False,4400 Block of Sierra Street,False,False,True,False,False,1 inj.; drive-by shooting,0,"January 12, 2016",-98.4952,False,False,185,False,35,False,False,"4400 Block of Sierra Street; San Antonio, Texas",False,False,False,1,False,False,False,San Antonio,False
False,False,19,Texas,False,29.3743,False,False,False,True,False,False,False,False,119,False,False,4000 Block of East Southcross,False,False,False,False,False,1 inj.; more than one person may have had a role in this shooting,0,"January 12, 2016",-98.4158,False,False,186,False,35,False,False,"4000 Block of East Southcross; San Antonio, Texas",False,False,False,1,False,False,False,San Antonio,False
False,False,26,Texas,False,29.526,False,False,False,True,False,False,False,False,116,False,False,Parkdale Stree,False,False,False,False,False,1 inj.,0,"January 12, 2016",-98.5617,False,False,187,False,21,False,False,"Parkdale Stree; San Antonio, Texas",False,False,False,1,False,False,False,San Antonio,False
False,False,35,Oklahoma,False,36.1424,False,False,False,True,False,False,False,False,78,False,False,S. College Avenue,False,False,False,False,False,,0,"January 12, 2016",-95.9459,False,False,188,False,1,False,False,"S. College Avenue; Tulsa, Oklahoma",False,False,False,1,False,False,False,Tulsa,False
False,False,24,Alabama,False,33.1672,False,False,False,True,False,False,False,False,70,False,False,Skyland Boulevard,False,False,False,False,False,,0,"January 12, 2016",-87.5334,False,False,189,False,7,False,False,"Aspen Village apartments; Skyland Boulevard; Tuscaloosa, Alabama",False,False,False,2,False,False,False,Tuscaloosa,False
False,False,26,Alabama,False,32.4091,False,False,False,False,False,False,False,False,78,False,False,2600 block of Congressman Dickerson Drive,False,False,False,False,False,,1,"January 12, 2016",-86.2607,False,False,190,False,2,False,False,"2600 block of Congressman Dickerson Drive; Montgomery, Alabama",True,False,False,0,False,False,False,Montgomery,False
False,False,N/A,Kentucky,False,38.072,False,False,False,False,False,False,False,False,N/A,False,False,1499 Russell Cave Rd,False,False,False,False,False,"Second incident at that location today [9:30PM] North Park shopping center near New Circle Road, man shot crashed into tree, later died",1,"January 12, 2016",-84.4758,False,False,191,False,6,False,False,"McDonalds; 1499 Russell Cave Rd; Lexington, Kentucky",True,False,False,0,False,False,False,Lexington,False
False,False,N/A,Kentucky,False,38.072,False,False,False,False,False,False,False,False,N/A,False,False,1499 Russell Cave Rd,False,False,False,False,True,First incident of the day at this location [12:30AM] shots fired hit occupied truck in drive-thru,0,"January 12, 2016",-84.4758,False,False,192,False,6,False,False,"McDonalds; 1499 Russell Cave Rd; Lexington, Kentucky",False,False,False,0,False,False,False,Lexington,False
False,False,19,California,False,34.9532,False,False,False,False,False,False,False,False,35,False,False,Main Street and Oakley Avenue,False,False,False,False,False,,2,"January 12, 2016",-120.447,False,False,193,False,24,False,False,"Main Street and Oakley Avenue; Santa Maria, California",True,False,False,0,False,False,False,Santa Maria,False
False,False,34,Colorado,False,39.7549,False,False,False,True,False,False,False,False,5,False,False,26th Avenue and Zuni Street,False,False,False,False,False,,0,"January 11, 2016",-105.016,False,False,194,False,1,False,True,"26th Avenue and Zuni Street; Denver, Colorado",False,False,False,1,False,False,False,Denver,False
False,True,N/A,Kentucky,False,38.2163,False,False,True,True,False,False,False,False,N/A,False,False,600 block of North Hamilton Street,False,False,False,False,False,"near Watson Alley, officers responding to domestic disturbance shot suspect who refused to drop what appeared to be handgun that turned out to be pellet gun",0,"January 11, 2016",-84.555,False,False,195,False,6,False,True,"600 block of North Hamilton Street; Georgetown, Kentucky",False,False,False,1,False,False,False,Georgetown,False
False,False,27,Tennessee,False,35.6182,False,False,False,True,False,False,False,False,80,False,False,North Fairgrounds Street and Hatton Street,False,False,False,False,False,"downtown, man shot",0,"January 11, 2016",-88.8291,False,False,196,False,8,False,False,"North Fairgrounds Street and Hatton Street; Jackson, Tennessee",False,False,False,1,False,False,False,Jackson,False
False,False,5,Wisconsin,False,43.0652,False,False,False,True,False,False,False,False,14,False,False,2562 North 124th Street,False,False,False,False,False,"respond to dv, ofc chase perp with knife, 36yo and 31yo ofc fire when attacked, perp inj, 32yo woman found dead, unclear if related",0,"January 11, 2016",-88.0668,False,False,197,False,5,False,True,"Normandy Village Apartments; 2562 North 124th Street; Milwaukee (Wauwatosa), Wisconsin",False,False,False,1,False,False,False,Milwaukee (Wauwatosa),False
False,False,19,Tennessee,False,36.2808,False,False,False,False,False,False,False,False,51,False,False,McKinley Street and Florence Avenue,True,False,False,False,False,"standoff lasted several hours after suspect assaulted and threatened to shoot man and woman who came to his home to repossess truck, shotgun",0,"January 11, 2016",-86.7045,False,True,198,False,5,False,True,"McKinley Street and Florence Avenue; Madison, Tennessee",False,False,False,0,False,False,False,Madison,False
False,False,27,Washington,False,47.2833,False,False,False,False,False,False,False,False,27,False,False,Brown’s Point Boulevard and McMurray Road,False,False,False,False,False,,1,"January 11, 2016",-122.396,False,False,199,False,9,False,False,"Brown’s Point Boulevard and McMurray Road; Tacoma, Washington",True,False,False,0,False,False,False,Tacoma,False
False,False,27,Tennessee,False,35.6182,False,False,False,True,False,False,False,False,80,False,False,North Fairgrounds Street and Hatton Street,False,False,False,False,False,"downtown, man shot",0,"January 11, 2016",-88.8291,False,False,200,False,8,False,False,"North Fairgrounds Street and Hatton Street; Jackson, Tennessee",False,False,False,1,False,False,False,Jackson,False
False,False,5,Wisconsin,False,43.0652,False,False,False,True,False,False,False,False,14,False,False,2562 North 124th Street,False,False,False,False,False,"respond to dv, ofc chase perp with knife, 36yo and 31yo ofc fire when attacked, perp inj, 32yo woman found dead, unclear if related",0,"January 11, 2016",-88.0668,False,False,201,False,5,False,True,"Normandy Village Apartments; 2562 North 124th Street; Milwaukee (Wauwatosa), Wisconsin",False,False,False,1,False,False,False,Milwaukee (Wauwatosa),False
False,False,19,Tennessee,False,36.2808,False,False,False,False,False,False,False,False,51,False,False,McKinley Street and Florence Avenue,True,False,False,False,False,"standoff lasted several hours after suspect assaulted and threatened to shoot man and woman who came to his home to repossess truck, shotgun",0,"January 11, 2016",-86.7045,False,True,202,False,5,False,True,"McKinley Street and Florence Avenue; Madison, Tennessee",False,False,False,0,False,False,False,Madison,False
False,False,27,Washington,False,47.2833,False,False,False,False,False,False,False,False,27,False,False,Brown’s Point Boulevard and McMurray Road,False,False,False,False,False,,1,"January 11, 2016",-122.396,False,False,203,False,9,False,False,"Brown’s Point Boulevard and McMurray Road; Tacoma, Washington",True,False,False,0,False,False,False,Tacoma,False
False,False,2,Oregon,False,42.3843,False,False,False,False,False,True,False,False,4,False,True,N/A,True,False,False,False,False,,0,"January 11, 2016",-122.92,False,True,204,False,2,False,False,"; Central Point, Oregon",False,False,False,0,False,False,False,Central Point,False
False,False,22,Maine,False,44.25,False,False,False,False,False,False,False,False,49,False,True,North Union Road,False,False,False,False,True,"suicidal perp with rifle, attempted suicide by cop, fired shots before ofc arrived, brief standoff, no shots fired by ofc, peaceful surrender",0,"January 11, 2016",-69.3157,False,False,205,False,1,False,True,"North Union Road; Union, Maine",False,True,False,0,False,False,False,Union,False
False,False,6,Wisconsin,False,43.0824,False,False,False,True,False,False,False,False,16,False,False,2300 block of West Keefe,False,False,False,False,False,,0,"January 11, 2016",-87.941,False,False,206,False,4,False,False,"2300 block of West Keefe; Milwaukee, Wisconsin",False,False,False,1,False,False,False,Milwaukee,False
False,False,4,Wisconsin,False,43.1125,False,False,False,True,False,False,False,False,11,False,False,5200 block of North 76th,False,False,False,False,False,near Villard,0,"January 11, 2016",-88.0055,False,False,207,False,4,False,False,"5200 block of North 76th; Milwaukee, Wisconsin",False,False,False,2,False,False,False,Milwaukee,False
False,False,6,Kansas,False,39.0543,False,False,False,False,False,False,False,False,31,False,False,4000 block of Fisher Street,False,False,False,False,False,,1,"January 11, 2016",-94.6167,False,False,208,False,3,False,False,"4000 block of Fisher Street; Kansas City, Kansas",True,False,False,0,False,False,False,Kansas City,False
False,False,3,Wisconsin,False,43.0248,False,False,False,True,False,False,False,False,9,False,False,Canal Street and Selig Drive,False,False,True,False,False,"LOCATION FOUND, poss shot on freeway, north of National near Miller Park Way",0,"January 11, 2016",-87.9626,False,False,209,False,4,False,False,"Canal Street and Selig Drive; Milwaukee, Wisconsin",False,False,False,1,False,False,False,Milwaukee,False
False,False,24,Kansas,False,38.8145,False,False,False,False,False,False,True,False,69,False,False,500 block of W. Claflin Avenue,True,False,False,False,False,,0,"January 11, 2016",-97.6174,False,False,210,False,1,False,False,"500 block of W. Claflin Avenue; Salina, Kansas",False,False,False,0,False,False,False,Salina,False
False,False,30,Texas,False,33.9727,False,False,False,True,False,False,False,False,69,False,False,4700 Block of Raylett Drive,False,False,False,False,False,1 inj.,0,"January 11, 2016",-98.5272,False,False,211,False,13,False,False,"4700 Block of Raylett Drive; Wichita Falls, Texas",False,False,False,1,False,False,False,Wichita Falls,False
False,False,21,Ohio,False,41.4869,False,False,False,False,False,False,False,False,11,False,True,East 61st and Griswold Ave,False,False,False,False,False,"Man found shot, killed, behind wheel of car; more than 1 suspect sought;",1,"January 11, 2016",-81.6479,False,False,212,False,11,False,False,"East 61st and Griswold Ave; Cleveland, Ohio",True,False,False,0,False,False,False,Cleveland,False
False,False,22,Virginia,False,37.42,False,False,False,True,False,False,False,False,22,False,False,1901 Tates Springs Road,False,False,False,False,False,patient shot by Centra security officer during physical altercation in Dillard building near Emergency Room,0,"January 11, 2016",-79.1711,False,False,213,False,6,False,True,"Centra Lynchburg General Hospital; 1901 Tates Springs Road; Lynchburg, Virginia",False,False,False,1,False,False,False,Lynchburg,False
False,False,N/A,Massachusetts,False,42.1022,False,False,False,False,False,False,False,False,N/A,False,False,Pine Grove Drive,False,False,False,False,True,"shots fired on basketball courts, 40 cal casings found",0,"January 11, 2016",-71.0607,False,False,214,False,8,False,False,"Pine Grove Drive; Brockton, Massachusetts",False,False,False,0,False,False,False,Brockton,False
False,False,N/A,Massachusetts,False,42.1023,False,False,False,True,False,False,False,False,N/A,False,False,67 Pine Grove Drive,False,False,False,False,False,"shot in shoulder, stray bullet, homes, vehicle damage, 2nd shooting in same apt complex that day",0,"January 11, 2016",-71.0586,False,False,215,False,8,False,False,"67 Pine Grove Drive; Brockton, Massachusetts",False,False,False,1,False,False,False,Brockton,False
False,False,10,Virginia,False,37.468,False,False,False,False,False,False,False,False,69,False,False,6811 Walmsley Boulevard,False,False,False,False,False,convenience store owner found shot died,1,"January 11, 2016",-77.522,False,False,216,False,7,False,False,"The Marketplace; 6811 Walmsley Boulevard; Chesterfield, Virginia",True,False,False,0,False,False,False,Chesterfield,False
False,False,N/A,Massachusetts,False,41.7574,False,False,False,False,False,False,False,False,N/A,False,False,88 Martin Street,False,False,False,False,True,"fired shots at another man with small cal handgun, no inj",0,"January 11, 2016",-70.6366,False,False,217,False,9,False,False,"88 Martin Street; Wareham, Massachusetts",False,False,False,0,False,False,False,Wareham,False
False,False,18,Hawaii,False,21.4003,False,False,False,False,False,False,False,False,35,False,False,94-795 Lumiaina Street,True,False,False,False,False,"cj at gunpoint, shotgun, no shots fired, 1 gunman, passenger vic fled, driver choked",0,"January 11, 2016",-158.007,True,False,218,False,1,False,False,"McDonalds; 94-795 Lumiaina Street; Waipahu, Hawaii",False,True,False,0,False,False,False,Waipahu,False
False,False,N/A,Massachusetts,True,42.2035,False,False,False,False,False,False,False,False,N/A,False,False,Hampshire Street,True,False,False,True,False,"failed hi, tried to push in home, vic screamed, perps ran, no inj",0,"January 11, 2016",-72.6166,False,False,219,False,1,False,False,"Hampshire Street; Holyoke, Massachusetts",False,True,False,0,False,False,False,Holyoke,False
False,False,N/A,Massachusetts,False,42.0982,False,False,False,False,False,False,False,False,N/A,False,False,N/A,True,False,False,False,False,"cj at gunpoint, poss related to other shootings that day",0,"January 11, 2016",-71.0359,True,False,220,False,8,False,False,"; Brockton, Massachusetts",False,True,False,0,False,False,False,Brockton,False
False,False,N/A,Massachusetts,False,42.065,False,False,False,True,False,False,False,False,N/A,False,False,Carroll Avenue,False,False,True,False,False,"shot in buttocks, 3 9mm handguns recovered, 9mm and 40 cal casings recovered, poss related to cj and stray bullet shooting same day",0,"January 11, 2016",-71.0251,False,False,221,False,8,False,False,"Carroll Avenue; Brockton, Massachusetts",False,False,False,1,False,False,False,Brockton,False
False,False,13,Texas,False,29.7736,False,False,False,False,False,False,False,False,142,False,False,5300 Block of the East Freeway,False,False,False,False,False,Armed robbers shoot victim after he resists giving them money and pulls out his own gun.,1,"January 11, 2016",-95.317,False,False,222,False,18,True,False,"McDonalds; 5300 Block of the East Freeway; Houston, Texas",True,False,False,0,False,False,False,Houston,False
False,False,N/A,Massachusetts,False,41.7906,False,False,False,False,False,True,False,False,N/A,False,True,37 Noreast Drive,True,False,False,False,False,"physically assaulted woman, failed to turn in shotgun when permit revoked",0,"January 11, 2016",-70.5387,False,True,223,False,9,False,False,"37 Noreast Drive; Sagamore Beach, Massachusetts",False,False,False,0,False,False,False,Sagamore Beach,False
False,False,N/A,Pennsylvania,False,39.9572,False,False,False,True,False,False,False,False,N/A,False,False,100 block of South Hartley Street,False,False,False,False,False,,0,"January 11, 2016",-76.7396,False,False,224,False,4,False,False,"100 block of South Hartley Street; York, Pennsylvania",False,False,False,2,False,False,False,York,False
